[{"id":"user-image-Screenshot2025-05-29at3.04.52PM.png","fileName":"Screenshot2025-05-29at3.04.52PM.png","name":"Screenshot2025-05-29at3.04.52PM","publicUrl":"https://assets.nicepagecdn.com/b1c2757d/6515869/images/Screenshot2025-05-29at3.04.52PM.png","size":1336155,"hash":"rHSdBD67c8F/ezAzZc7hpvU6NlQ=","width":1704,"height":940,"folderId":null,"thumbnail":{"url":"https://assets.nicepagecdn.com/b1c2757d/6515869/images/thumbnails/Screenshot2025-05-29at3.04.52PM.png","width":150,"height":83},"usages":["18972820"]},{"id":"user-image-Screenshot2025-05-29at3.02.33PM.png","fileName":"Screenshot2025-05-29at3.02.33PM.png","name":"Screenshot2025-05-29at3.02.33PM","publicUrl":"https://assets.nicepagecdn.com/b1c2757d/6515869/images/Screenshot2025-05-29at3.02.33PM.png","size":59338,"hash":"0LJixj4y+cmBi0J53QhCb6VkYrk=","width":816,"height":712,"folderId":null,"thumbnail":{"url":"https://assets.nicepagecdn.com/b1c2757d/6515869/images/thumbnails/Screenshot2025-05-29at3.02.33PM.png","width":150,"height":131},"usages":["18972820"]},{"id":"user-image-Untitleddesign2.png","fileName":"Untitleddesign2.png","name":"Untitleddesign2","publicUrl":"https://assets.nicepagecdn.com/b1c2757d/6515869/images/Untitleddesign2.png","size":48857,"hash":"wjWuZGAd8fXSyO0ZK5lCNF22f+Y=","width":542,"height":322,"folderId":null,"thumbnail":{"url":"https://assets.nicepagecdn.com/b1c2757d/6515869/images/thumbnails/Untitleddesign2.png","width":150,"height":89},"usages":["18972820"]},{"id":"user-image-Untitleddesign3.png","fileName":"Untitleddesign3.png","name":"Untitleddesign3","publicUrl":"https://assets.nicepagecdn.com/b1c2757d/6515869/images/Untitleddesign3.png","size":75362,"hash":"W8hzxF611nWvfnxgOfEM43XIC08=","width":556,"height":318,"folderId":null,"thumbnail":{"url":"https://assets.nicepagecdn.com/b1c2757d/6515869/images/thumbnails/Untitleddesign3.png","width":150,"height":86},"usages":["18972820"]},{"id":"user-image-Untitleddesign1.png","fileName":"Untitleddesign1.png","name":"Untitleddesign1","publicUrl":"https://assets.nicepagecdn.com/b1c2757d/6515869/images/Untitleddesign1.png","size":79245,"hash":"ttw9eMaqSPe5w+oR/mS/Vcoi4iM=","width":546,"height":305,"folderId":null,"thumbnail":{"url":"https://assets.nicepagecdn.com/b1c2757d/6515869/images/thumbnails/Untitleddesign1.png","width":150,"height":84},"usages":["18972820"]}]