[{"id":33991578,"title":"Blog Template","order":1,"templateKey":"blog","customTemplate":false,"customTemplateFilename":null,"pageLinks":[],"dateCreated":"2025-05-28T00:37:12.986Z","dateUpdated":"2025-05-28T00:37:31.283Z","folderId":null,"pageName":"Blog Template","sectionCount":1,"status":2},{"id":58339396,"title":"Post Template","order":2,"templateKey":"post","customTemplate":false,"customTemplateFilename":null,"pageLinks":[],"dateCreated":"2025-05-28T00:37:13.272Z","dateUpdated":"2025-05-28T00:37:31.283Z","folderId":null,"pageName":"Post Template","sectionCount":1,"status":2},{"id":255837735,"title":"Product List Template","order":3,"templateKey":"products","customTemplate":false,"customTemplateFilename":null,"pageLinks":[],"dateCreated":"2025-05-28T00:37:13.438Z","dateUpdated":"2025-05-28T00:37:31.283Z","folderId":null,"pageName":"Product List Template","sectionCount":1,"status":2},{"id":3085411698,"title":"Product Details Template","order":4,"templateKey":"product","customTemplate":false,"customTemplateFilename":null,"pageLinks":[],"dateCreated":"2025-05-28T00:37:13.603Z","dateUpdated":"2025-05-28T00:37:31.283Z","folderId":null,"pageName":"Product Details Template","sectionCount":1,"status":2},{"id":591004481,"title":"Shopping Cart Template","order":5,"templateKey":"cart","customTemplate":false,"customTemplateFilename":null,"pageLinks":[],"dateCreated":"2025-05-28T00:37:13.730Z","dateUpdated":"2025-05-28T00:37:31.284Z","folderId":null,"pageName":"Shopping Cart Template","sectionCount":1,"status":2},{"id":62009175,"title":"Login Template","order":7,"templateKey":"login","customTemplate":false,"customTemplateFilename":null,"pageLinks":[],"dateCreated":"2025-05-28T00:37:13.912Z","dateUpdated":"2025-05-28T00:37:31.284Z","folderId":null,"pageName":"Login Template","sectionCount":1,"status":2},{"id":76251728,"title":"Search Template","order":8,"templateKey":"Search","customTemplate":false,"customTemplateFilename":null,"pageLinks":[],"dateCreated":"2025-05-28T00:37:14.087Z","dateUpdated":"2025-05-28T00:37:31.284Z","folderId":null,"pageName":"Search Template","sectionCount":1,"status":2},{"id":561026078,"title":"Password Template","order":9,"templateKey":"password","customTemplate":false,"customTemplateFilename":null,"pageLinks":[],"dateCreated":"2025-05-28T00:37:14.182Z","dateUpdated":"2025-05-28T00:37:31.284Z","folderId":null,"pageName":"Password Template","sectionCount":1,"status":2},{"id":1007530066,"title":"404 Not Found Template","order":10,"templateKey":"404","customTemplate":false,"customTemplateFilename":null,"pageLinks":[],"dateCreated":"2025-05-28T00:37:14.251Z","dateUpdated":"2025-05-28T00:37:31.284Z","folderId":null,"pageName":"404 Not Found Template","sectionCount":1,"status":2},{"id":48587043,"title":"Thank You Template","order":11,"templateKey":"ThankYou","customTemplate":false,"customTemplateFilename":null,"pageLinks":[],"dateCreated":"2025-05-28T00:37:14.312Z","dateUpdated":"2025-05-28T00:37:31.284Z","folderId":null,"pageName":"Thank You Template","sectionCount":1,"status":2},{"id":471600543,"title":"Resume","order":100,"templateKey":null,"customTemplate":false,"customTemplateFilename":null,"pageLinks":[],"dateCreated":"2025-05-28T00:37:14.596Z","dateUpdated":"2025-05-29T05:54:30.221Z","folderId":null,"pageName":"Resume_471600543","sectionCount":1,"status":2},{"id":155605617,"title":"Shader Educational Tool","order":101,"templateKey":null,"customTemplate":false,"customTemplateFilename":null,"pageLinks":[],"dateCreated":"2025-05-28T00:37:14.632Z","dateUpdated":"2025-05-29T05:58:02.952Z","folderId":null,"pageName":"Shader Educational Tool_155605617","sectionCount":1,"status":2},{"id":2871128955,"title":"Logic Puzzle Solver","order":102,"templateKey":null,"customTemplate":false,"customTemplateFilename":null,"pageLinks":[],"dateCreated":"2025-05-28T00:38:58.526Z","dateUpdated":"2025-05-29T05:55:52.372Z","folderId":null,"pageName":"Logic Puzzle Solver_2871128955","sectionCount":3,"status":2},{"id":18972820,"title":"Home","order":103,"templateKey":null,"customTemplate":false,"customTemplateFilename":null,"pageLinks":[],"dateCreated":"2025-05-28T03:27:34.452Z","dateUpdated":"2025-05-29T06:07:05.132Z","folderId":null,"pageName":"Home_18972820","sectionCount":5,"status":2},{"id":160709390,"title":"King of Buggies","order":104,"templateKey":null,"customTemplate":false,"customTemplateFilename":null,"pageLinks":[],"dateCreated":"2025-05-29T05:55:43.254Z","dateUpdated":"2025-05-29T05:55:43.254Z","folderId":null,"pageName":"King of Buggies_160709390","sectionCount":1,"status":2}]